<NetTiersReport DALNameSpace="SiH_SalesWorkflow.Data" SolutionLink="file:\\\C:\Users\tlloyd\Documents\_SalesWorkflow\SiH_SalesWorkflow.sln" ConnectionString="Data Source=market_db.safeinhome.com;Initial Catalog=MarketingData;Persist Security Info=True;User ID=tim;Password=michael4131Q" FactoryType="SiH_SalesWorkflow.Entities.EntityFactory">
  <initialization startTime="131075546055004624" executionTime="00:00:00.3480348">
    <Message level="0" startTime="131075546055004624" message="Validating parameters." />
    <Message level="0" startTime="131075546055124636" message="Loading templates." executionTime="00:00:00.2910291" />
    <Message level="0" startTime="131075546058034927" message="Creating folders and copying dependencies." />
  </initialization>
  <customStoredProcedures includeCustoms="true" />
  <common startTime="131075546058484972" executionTime="00:00:11.9281927">
    <File name="ListBase.cs" startTime="131075546060265150" />
    <File name="TList.cs" startTime="131075546070486172" />
    <File name="VList.cs" startTime="131075546070536177" />
    <File name="WeakRefDictionary.cs" startTime="131075546070546178" />
    <File name="TestUtility.cs" startTime="131075546070556179" />
    <File name="IEntity.cs" startTime="131075546070866210" />
    <File name="IEntityId.cs" startTime="131075546070876211" />
    <File name="IEntityKey.cs" startTime="131075546070886212" />
    <File name="EntityFactory.cs" startTime="131075546070886212" />
    <File name="EntityFactoryBase.cs" startTime="131075546070896213" />
    <File name="IEntityFactory.cs" startTime="131075546070906214" />
    <File name="IEntityCacheItem.cs" startTime="131075546070916215" />
    <File name="EntityCache.cs" startTime="131075546070936217" />
    <File name="EntityLocator.cs" startTime="131075546070946218" />
    <File name="EntityManager.cs" startTime="131075546070946218" />
    <File name="BrokenRule.cs" startTime="131075546070966220" />
    <File name="BrokenRulesList.cs" startTime="131075546070966220" />
    <File name="CommonRules.cs" startTime="131075546070976221" />
    <File name="ValidationRuleArgs.cs" startTime="131075546070996223" />
    <File name="ValidationRuleHandler.cs" startTime="131075546070996223" />
    <File name="ValidationRuleInfo.cs" startTime="131075546071006224" />
    <File name="ValidationRules.cs" startTime="131075546071016225" />
    <File name="EntityBaseCore.generated.cs" startTime="131075546071016225" />
    <File name="EntityKeyBaseCore.generated.cs" startTime="131075546071056229" />
    <File name="SecurityContextBase.generated.cs" startTime="131075546071066230" />
    <File name="ContextView.cs" startTime="131075546071076231" />
    <File name="IProcessor.cs" startTime="131075546071076231" />
    <File name="IProcessorResult.cs" startTime="131075546071096233" />
    <File name="ProcessorBase.cs" startTime="131075546071096233" />
    <File name="GenericProcessorResult.cs" startTime="131075546071106234" />
    <File name="DomainUtil.cs" startTime="131075546071116235" />
    <File name="IConnectionScope.cs" startTime="131075546071126236" />
    <File name="ConnectionScope.cs" startTime="131075546071136237" />
    <File name="ConnectionScopeBase.cs" startTime="131075546071136237" />
    <File name="IComponentService.cs" startTime="131075546071146238" />
    <File name="ServiceBaseCore.cst.cs" startTime="131075546071156239" />
    <File name="ServiceViewBaseCore.cst.cs" startTime="131075546071166240" />
    <File name="ServiceResult.cs" startTime="131075546071176241" />
    <File name="EntityFilter.cs" startTime="131075546071186242" />
    <File name="EntityPropertyComparer.cs" startTime="131075546071206244" />
    <File name="GenericTypeConverter.cs" startTime="131075546071206244" />
    <File name="Procedures.xml" startTime="131075546071216245">
      <Message level="2" startTime="131075546173086431" message="Error while execution Sql file. System.Data.SqlClient.SqlException (0x80131904): Invalid object name 'dbo.vw_BaseLeadGet'.&#xD;&#xA;Could not use view or function 'dbo.vw_LeadGet' because of binding errors.&#xD;&#xA;   at System.Data.SqlClient.SqlConnection.OnError(SqlException exception, Boolean breakConnection, Action`1 wrapCloseInAction)&#xD;&#xA;   at System.Data.SqlClient.TdsParser.ThrowExceptionAndWarning(TdsParserStateObject stateObj, Boolean callerHasConnectionLock, Boolean asyncClose)&#xD;&#xA;   at System.Data.SqlClient.TdsParser.TryRun(RunBehavior runBehavior, SqlCommand cmdHandler, SqlDataReader dataStream, BulkCopySimpleResultSet bulkCopyHandler, TdsParserStateObject stateObj, Boolean&amp; dataReady)&#xD;&#xA;   at System.Data.SqlClient.SqlCommand.RunExecuteNonQueryTds(String methodName, Boolean async, Int32 timeout, Boolean asyncWrite)&#xD;&#xA;   at System.Data.SqlClient.SqlCommand.InternalExecuteNonQuery(TaskCompletionSource`1 completion, String methodName, Boolean sendToPipe, Int32 timeout, Boolean asyncWrite)&#xD;&#xA;   at System.Data.SqlClient.SqlCommand.ExecuteNonQuery()&#xD;&#xA;   at MoM.Templates.CommonSqlCode.ExecuteSqlInFile(String pathToScriptFile, String connectionString) in c:\Users\tlloyd\Documents\NetTiers\TemplateLib\CommonSqlCode.cs:line 5228&#xD;&#xA;   at _CodeSmith.NetTiers_cst.Go() in c:\Users\tlloyd\Documents\NetTiers\NetTiers.cst:line 1914&#xD;&#xA;ClientConnectionId:56c4f840-3239-4c53-b96c-5ba972167e21&#xD;&#xA;Error Number:208,State:1,Class:16" />
    </File>
    <File name="Utility.cs" startTime="131075546173096432" />
    <File name="ITransactionManager.cs" startTime="131075546173106433" />
    <File name="TransactionManager.cs" startTime="131075546173116434" />
    <File name="FileConfigurationSouce.cs" startTime="131075546173126435" />
    <File name="FileConfigurationSouceElement.cs" startTime="131075546173156438" />
    <File name="DataRepository.cs" startTime="131075546173166439" />
    <File name="IEntityProvider.cs" startTime="131075546173256448" />
    <File name="IEntityViewProvider.cs" startTime="131075546173306453" />
    <File name="EntityProviderBaseCore.generated.cs" startTime="131075546173316454" />
    <File name="EntityViewProviderBaseCore.generated.cs" startTime="131075546173356458" />
    <File name="INetTiersProvider.cs" startTime="131075546173376460" />
    <File name="NetTiersProvider.cs" startTime="131075546173386461" />
    <File name="NetTiersProviderBase.cs" startTime="131075546173426465" />
    <File name="NetTiersProviderCollection.cs" startTime="131075546173436466" />
    <File name="NetTiersServiceSection.cs" startTime="131075546173446467" />
    <File name="ExpressionParserBase.cs" startTime="131075546173456468" />
    <File name="SqlExpressionParser.cs" startTime="131075546173456468" />
    <File name="SqlStringBuilder.cs" startTime="131075546173486471" />
    <File name="SqlUtil.cs" startTime="131075546173536476" />
    <File name="StringTokenizer.cs" startTime="131075546173556478" />
    <File name="SqlClient\SqlNetTiersProvider.cs" startTime="131075546173566479" />
    <File name="StoredProcedureProvider.cs" startTime="131075546173636486" />
    <File name="BaseDataSource.cs" startTime="131075546173646487" />
    <File name="BaseDataSourceDesigner.cs" startTime="131075546173696492" />
    <File name="CustomDataSource.cs" startTime="131075546173706493" />
    <File name="CustomDataSourceDesigner.cs" startTime="131075546173736496" />
    <File name="CustomParameter.cs" startTime="131075546173746497" />
    <File name="DataParameter.cs" startTime="131075546173756498" />
    <File name="EntityDataSource.cs" startTime="131075546173766499" />
    <File name="EntityDataSourceFilter.cs" startTime="131075546173796502" />
    <File name="EntityRelationship.cs" startTime="131075546173806503" />
    <File name="EntityRelationshipMember.cs" startTime="131075546173816504" />
    <File name="EntityTransactionModule.cs" startTime="131075546173846507" />
    <File name="ILinkedDataSource.cs" startTime="131075546173856508" />
    <File name="ManyToManyListRelationship.cs" startTime="131075546173866509" />
    <File name="ManyToManyViewRelationship.cs" startTime="131075546173866509" />
    <File name="OneToManyGridRelationship.cs" startTime="131075546173876510" />
    <File name="OneToOneViewRelationship.cs" startTime="131075546173886511" />
    <File name="ProviderDataSource.cs" startTime="131075546173896512" />
    <File name="ProviderDataSourceDesigner.cs" startTime="131075546173916514" />
    <File name="ReadOnlyDataSource.cs" startTime="131075546173926515" />
    <File name="ReadOnlyDataSourceDesigner.cs" startTime="131075546173936516" />
    <File name="SqlParameter.cs" startTime="131075546173946517" />
    <File name="ZohoLeadsDataSource.cs" startTime="131075546173966519" />
    <File name="LeadContactedDataSource.cs" startTime="131075546173976520" />
    <File name="ZohoCallsDataSource.cs" startTime="131075546173996522" />
    <File name="ZohoUsersDataSource.cs" startTime="131075546174016524" />
    <File name="LeadHoldAndCallDataSource.cs" startTime="131075546174036526" />
    <File name="VwAllLeadsWithCallsAndPeriodsDataSource.cs" startTime="131075546174056528" />
    <File name="VwBaseLeadContactInFutureDataSource.cs" startTime="131075546174066529" />
    <File name="VwBaseLeadGetLessThanThreeCallsInPeriodDataSource.cs" startTime="131075546174506573" />
    <File name="VwBaseLeadGetLessThanTwoCallsInPeriodDataSource.cs" startTime="131075546174526575" />
    <File name="VwBaseLeadGetWithNoActivityIn60DaysDataSource.cs" startTime="131075546174566579" />
    <File name="VwBaseLeadGetWithNoActivityInNdaysDataSource.cs" startTime="131075546174596582" />
    <File name="VwBaseLeadGetZeroCallsInPeriodDataSource.cs" startTime="131075546174616584" />
    <File name="VwCallableLeadsWithCallsDataSource.cs" startTime="131075546174626585" />
    <File name="VwCallableLeadsWithCallsAndHourAdjDataSource.cs" startTime="131075546174636586" />
    <File name="VwCallableLeadsWithCallsAndPeriodDataSource.cs" startTime="131075546174646587" />
    <File name="VwCallableLeadsWithCallsAndPeriodsDataSource.cs" startTime="131075546174656588" />
    <File name="VwCallsByUserDataSource.cs" startTime="131075546174666589" />
    <File name="VwDeferedLeadsDataSource.cs" startTime="131075546174686591" />
    <File name="VwHoldAndCallWithLeadInfoDataSource.cs" startTime="131075546174706593" />
    <File name="VwLastCallCreatedDataSource.cs" startTime="131075546174716594" />
    <File name="VwLastEmailCreatedDataSource.cs" startTime="131075546174726595" />
    <File name="VwLeadCallCountsDataSource.cs" startTime="131075546174736596" />
    <File name="VwLeadContactToolDataSource.cs" startTime="131075546174756598" />
    <File name="VwLeadContactToolCompleteDataSource.cs" startTime="131075546174766599" />
    <File name="VwLeadGetDataSource.cs" startTime="131075546174766599" />
    <File name="VwLeadGetAlexDataSource.cs" startTime="131075546174776600" />
    <File name="VwLeadGetCraigDataSource.cs" startTime="131075546174786601" />
    <File name="VwLeadGetJennDataSource.cs" startTime="131075546174796602" />
    <File name="VwLeadGetJoEllenDataSource.cs" startTime="131075546174806603" />
    <File name="VwLeadGetNextDataSource.cs" startTime="131075546174816604" />
    <File name="VwLeadGetRichardDataSource.cs" startTime="131075546174846607" />
    <File name="VwLeadHoldAndCallDataSource.cs" startTime="131075546174866609" />
    <File name="VwLeadsAndCallsDataSource.cs" startTime="131075546174876610" />
    <File name="VwLeadsWithAllStatusDataSource.cs" startTime="131075546174886611" />
    <File name="VwLeadsWithCallableStatusDataSource.cs" startTime="131075546174896612" />
    <File name="VwManualReturnsListDataSource.cs" startTime="131075546174906613" />
    <File name="VwManualSalesListDataSource.cs" startTime="131075546174916614" />
    <File name="VwMaxLeadHoldAndCallDataSource.cs" startTime="131075546174926615" />
    <File name="VwReportingLeadsAndSalesBoardDataSource.cs" startTime="131075546174936616" />
    <File name="VwReportingSalesInfoDataSource.cs" startTime="131075546174946617" />
    <File name="VwReportingZohoCallsConnectedAfterDateDataSource.cs" startTime="131075546174976620" />
    <File name="VwSalesStatsDataSource.cs" startTime="131075546175006623" />
    <File name="VwZohoCallsDataSource.cs" startTime="131075546175026625" />
    <File name="VwZohoLeadsDataSource.cs" startTime="131075546175036626" />
    <File name="VwZohoLeadsNeedingActionTodayDataSource.cs" startTime="131075546175046627" />
    <File name="VwZohoLeadsWithLocalTimeDataSource.cs" startTime="131075546175056628" />
    <File name="VwZohoLeadsWithLocalTimeNoActionTodayDataSource.cs" startTime="131075546175066629" />
    <File name="VwZohoLeadsWithLocalTimeNoActionTodayCallableDataSource.cs" startTime="131075546175076630" />
    <File name="FormUtilBase.generated.cs" startTime="131075546175086631" />
    <File name="MultiBindableTemplate.cs" startTime="131075546175136636" />
    <File name="MultiFormView.cs" startTime="131075546175136636" />
    <File name="EntityGridView.cs" startTime="131075546175156638" />
    <File name="EntityDropDownList.cs" startTime="131075546175176640" />
    <File name="BoundEntityDropDownField.cs" startTime="131075546175186641" />
    <File name="BoundRadioButtonField.cs" startTime="131075546175196642" />
    <File name="GridViewSearchPanel.cs" startTime="131075546175206643" />
    <File name="GridViewSearchPanelState.cs" startTime="131075546175216644" />
    <File name="EntityLabel.cs" startTime="131075546175226645" />
    <File name="HyperlinkField.cs" startTime="131075546175236646" />
    <File name="ZohoLeadsRepeater.cs" startTime="131075546175246647" />
    <File name="LeadContactedRepeater.cs" startTime="131075546175276650" />
    <File name="ZohoCallsRepeater.cs" startTime="131075546175296652" />
    <File name="ZohoUsersRepeater.cs" startTime="131075546175336656" />
    <File name="LeadHoldAndCallRepeater.cs" startTime="131075546175346657" />
    <File name="VwAllLeadsWithCallsAndPeriodsRepeater.cs" startTime="131075546175366659" />
    <File name="VwBaseLeadContactInFutureRepeater.cs" startTime="131075546175386661" />
    <File name="VwBaseLeadGetLessThanThreeCallsInPeriodRepeater.cs" startTime="131075546175706693" />
    <File name="VwBaseLeadGetLessThanTwoCallsInPeriodRepeater.cs" startTime="131075546175786701" />
    <File name="VwBaseLeadGetWithNoActivityIn60DaysRepeater.cs" startTime="131075546175816704" />
    <File name="VwBaseLeadGetWithNoActivityInNdaysRepeater.cs" startTime="131075546175856708" />
    <File name="VwBaseLeadGetZeroCallsInPeriodRepeater.cs" startTime="131075546175896712" />
    <File name="VwCallableLeadsWithCallsRepeater.cs" startTime="131075546175946717" />
    <File name="VwCallableLeadsWithCallsAndHourAdjRepeater.cs" startTime="131075546175966719" />
    <File name="VwCallableLeadsWithCallsAndPeriodRepeater.cs" startTime="131075546175986721" />
    <File name="VwCallableLeadsWithCallsAndPeriodsRepeater.cs" startTime="131075546176006723" />
    <File name="VwCallsByUserRepeater.cs" startTime="131075546176026725" />
    <File name="VwDeferedLeadsRepeater.cs" startTime="131075546176056728" />
    <File name="VwHoldAndCallWithLeadInfoRepeater.cs" startTime="131075546176096732" />
    <File name="VwLastCallCreatedRepeater.cs" startTime="131075546176116734" />
    <File name="VwLastEmailCreatedRepeater.cs" startTime="131075546176126735" />
    <File name="VwLeadCallCountsRepeater.cs" startTime="131075546176136736" />
    <File name="VwLeadContactToolRepeater.cs" startTime="131075546176156738" />
    <File name="VwLeadContactToolCompleteRepeater.cs" startTime="131075546176166739" />
    <File name="VwLeadGetRepeater.cs" startTime="131075546176186741" />
    <File name="VwLeadGetAlexRepeater.cs" startTime="131075546176226745" />
    <File name="VwLeadGetCraigRepeater.cs" startTime="131075546176286751" />
    <File name="VwLeadGetJennRepeater.cs" startTime="131075546176306753" />
    <File name="VwLeadGetJoEllenRepeater.cs" startTime="131075546176346757" />
    <File name="VwLeadGetNextRepeater.cs" startTime="131075546176386761" />
    <File name="VwLeadGetRichardRepeater.cs" startTime="131075546176416764" />
    <File name="VwLeadHoldAndCallRepeater.cs" startTime="131075546176456768" />
    <File name="VwLeadsAndCallsRepeater.cs" startTime="131075546176476770" />
    <File name="VwLeadsWithAllStatusRepeater.cs" startTime="131075546176496772" />
    <File name="VwLeadsWithCallableStatusRepeater.cs" startTime="131075546176536776" />
    <File name="VwManualReturnsListRepeater.cs" startTime="131075546176566779" />
    <File name="VwManualSalesListRepeater.cs" startTime="131075546176586781" />
    <File name="VwMaxLeadHoldAndCallRepeater.cs" startTime="131075546176596782" />
    <File name="VwReportingLeadsAndSalesBoardRepeater.cs" startTime="131075546176606783" />
    <File name="VwReportingSalesInfoRepeater.cs" startTime="131075546176626785" />
    <File name="VwReportingZohoCallsConnectedAfterDateRepeater.cs" startTime="131075546176666789" />
    <File name="VwSalesStatsRepeater.cs" startTime="131075546176716794" />
    <File name="VwZohoCallsRepeater.cs" startTime="131075546176746797" />
    <File name="VwZohoLeadsRepeater.cs" startTime="131075546176766799" />
    <File name="VwZohoLeadsNeedingActionTodayRepeater.cs" startTime="131075546176776800" />
    <File name="VwZohoLeadsWithLocalTimeRepeater.cs" startTime="131075546176816804" />
    <File name="VwZohoLeadsWithLocalTimeNoActionTodayRepeater.cs" startTime="131075546176856808" />
    <File name="VwZohoLeadsWithLocalTimeNoActionTodayCallableRepeater.cs" startTime="131075546176896812" />
    <File name="Web.config" startTime="131075546176926815" />
    <File name="Enterprise Library v5_0 website configuration files" startTime="131075546176956818" />
    <File name=".csproj" startTime="131075546177336856" />
    <File name="SiH_SalesWorkflow.Entities.csproj" startTime="131075546177436866" />
    <File name="SiH_SalesWorkflow.Data.Data.csproj" startTime="131075546177506873" />
    <File name="SiH_SalesWorkflow.Entities.Data.SqlClient.csproj" startTime="131075546177586881" />
    <File name="SiH_SalesWorkflow.Web.csproj" startTime="131075546177646887" />
    <File name="EntityHelper.cs" startTime="131075546177696892" />
    <File name="EntityUtil.cs" startTime="131075546177716894" />
  </common>
  <Table name="vw_AllLeadsWithCallsAndPeriods" startTime="131075546177766899" executionTime="00:00:00.0370037">
    <File name="VwAllLeadsWithCallsAndPeriodsBase.generated.cs" startTime="131075546177776900" />
    <File name="VwAllLeadsWithCallsAndPeriodsProviderBase.generatedCore.cs" startTime="131075546177956918" executionTime="00:00:00.0070007" />
    <File name="SqlVwAllLeadsWithCallsAndPeriodsProviderBase.generated.cs" startTime="131075546178026925" />
    <File name="VwAllLeadsWithCallsAndPeriodsServiceBase.generated.cs" startTime="131075546178056928" executionTime="00:00:00.0080008" />
  </Table>
  <Table name="vw_BaseLeadContactInFuture" startTime="131075546178136936" executionTime="00:00:00.0550055">
    <File name="VwBaseLeadContactInFutureBase.generated.cs" startTime="131075546178146937" />
    <File name="VwBaseLeadContactInFuture.cs" startTime="131075546178366959" />
    <File name="VwBaseLeadContactInFutureProviderBase.generatedCore.cs" startTime="131075546178386961" executionTime="00:00:00.0120012" />
    <File name="VwBaseLeadContactInFutureProviderBase.cs" startTime="131075546178516974" executionTime="00:00:00.0010001" />
    <File name="SqlVwBaseLeadContactInFutureProviderBase.generated.cs" startTime="131075546178526975" />
    <File name="C:\Users\tlloyd\Documents\_SalesWorkflow\SiH_SalesWorkflow.Data.SqlClient\Views\VwBaseLeadContactInFutureProvider.cs" startTime="131075546178566979" />
    <File name="VwBaseLeadContactInFutureService.cs" startTime="131075546178596982" executionTime="00:00:00.0020002" />
    <File name="VwBaseLeadContactInFutureServiceBase.generated.cs" startTime="131075546178616984" executionTime="00:00:00.0070007" />
  </Table>
  <Table name="vw_BaseLeadGetLessThanThreeCallsInPeriod" startTime="131075546178686991" executionTime="00:00:00.0510051">
    <File name="VwBaseLeadGetLessThanThreeCallsInPeriodBase.generated.cs" startTime="131075546178696992" />
    <File name="VwBaseLeadGetLessThanThreeCallsInPeriod.cs" startTime="131075546178897012" />
    <File name="VwBaseLeadGetLessThanThreeCallsInPeriodProviderBase.generatedCore.cs" startTime="131075546178917014" executionTime="00:00:00.0090009" />
    <File name="VwBaseLeadGetLessThanThreeCallsInPeriodProviderBase.cs" startTime="131075546179007023" executionTime="00:00:00.0020002" />
    <File name="SqlVwBaseLeadGetLessThanThreeCallsInPeriodProviderBase.generated.cs" startTime="131075546179027025" />
    <File name="C:\Users\tlloyd\Documents\_SalesWorkflow\SiH_SalesWorkflow.Data.SqlClient\Views\VwBaseLeadGetLessThanThreeCallsInPeriodProvider.cs" startTime="131075546179087031" />
    <File name="VwBaseLeadGetLessThanThreeCallsInPeriodService.cs" startTime="131075546179107033" executionTime="00:00:00.0010001" />
    <File name="VwBaseLeadGetLessThanThreeCallsInPeriodServiceBase.generated.cs" startTime="131075546179127035" executionTime="00:00:00.0070007" />
  </Table>
  <Table name="vw_BaseLeadGetLessThanTwoCallsInPeriod" startTime="131075546179197042" executionTime="00:00:00.0410041">
    <File name="VwBaseLeadGetLessThanTwoCallsInPeriodBase.generated.cs" startTime="131075546179207043" />
    <File name="VwBaseLeadGetLessThanTwoCallsInPeriodProviderBase.generatedCore.cs" startTime="131075546179427065" executionTime="00:00:00.0060006" />
    <File name="SqlVwBaseLeadGetLessThanTwoCallsInPeriodProviderBase.generated.cs" startTime="131075546179487071" />
    <File name="VwBaseLeadGetLessThanTwoCallsInPeriodServiceBase.generated.cs" startTime="131075546179517074" executionTime="00:00:00.0090009" />
  </Table>
  <Table name="vw_BaseLeadGetWithNoActivityIn60Days" startTime="131075546179607083" executionTime="00:00:00.0510051">
    <File name="VwBaseLeadGetWithNoActivityIn60DaysBase.generated.cs" startTime="131075546179617084" />
    <File name="VwBaseLeadGetWithNoActivityIn60Days.cs" startTime="131075546179797102" />
    <File name="VwBaseLeadGetWithNoActivityIn60DaysProviderBase.generatedCore.cs" startTime="131075546179817104" executionTime="00:00:00.0110011" />
    <File name="VwBaseLeadGetWithNoActivityIn60DaysProviderBase.cs" startTime="131075546179927115" executionTime="00:00:00.0020002" />
    <File name="SqlVwBaseLeadGetWithNoActivityIn60DaysProviderBase.generated.cs" startTime="131075546179947117" />
    <File name="C:\Users\tlloyd\Documents\_SalesWorkflow\SiH_SalesWorkflow.Data.SqlClient\Views\VwBaseLeadGetWithNoActivityIn60DaysProvider.cs" startTime="131075546179977120" />
    <File name="VwBaseLeadGetWithNoActivityIn60DaysService.cs" startTime="131075546180007123" executionTime="00:00:00.0020002" />
    <File name="VwBaseLeadGetWithNoActivityIn60DaysServiceBase.generated.cs" startTime="131075546180037126" executionTime="00:00:00.0080008" />
  </Table>
  <Table name="vw_BaseLeadGetWithNoActivityInNDays" startTime="131075546180117134" executionTime="00:00:00.0610061">
    <File name="VwBaseLeadGetWithNoActivityInNdaysBase.generated.cs" startTime="131075546180117134" />
    <File name="VwBaseLeadGetWithNoActivityInNdays.cs" startTime="131075546180307153" />
    <File name="VwBaseLeadGetWithNoActivityInNdaysProviderBase.generatedCore.cs" startTime="131075546180327155" executionTime="00:00:00.0100010" />
    <File name="VwBaseLeadGetWithNoActivityInNdaysProviderBase.cs" startTime="131075546180427165" executionTime="00:00:00.0020002" />
    <File name="SqlVwBaseLeadGetWithNoActivityInNdaysProviderBase.generated.cs" startTime="131075546180457168" />
    <File name="C:\Users\tlloyd\Documents\_SalesWorkflow\SiH_SalesWorkflow.Data.SqlClient\Views\VwBaseLeadGetWithNoActivityInNdaysProvider.cs" startTime="131075546180597182" />
    <File name="VwBaseLeadGetWithNoActivityInNdaysService.cs" startTime="131075546180617184" executionTime="00:00:00.0020002" />
    <File name="VwBaseLeadGetWithNoActivityInNdaysServiceBase.generated.cs" startTime="131075546180647187" executionTime="00:00:00.0080008" />
  </Table>
  <Table name="vw_BaseLeadGetZeroCallsInPeriod" startTime="131075546180727195" executionTime="00:00:00.0380038">
    <File name="VwBaseLeadGetZeroCallsInPeriodBase.generated.cs" startTime="131075546180727195" />
    <File name="VwBaseLeadGetZeroCallsInPeriodProviderBase.generatedCore.cs" startTime="131075546180937216" executionTime="00:00:00.0070007" />
    <File name="SqlVwBaseLeadGetZeroCallsInPeriodProviderBase.generated.cs" startTime="131075546181007223" />
    <File name="VwBaseLeadGetZeroCallsInPeriodServiceBase.generated.cs" startTime="131075546181037226" executionTime="00:00:00.0070007" />
  </Table>
  <Table name="vw_CallableLeadsWithCalls" startTime="131075546181107233" executionTime="00:00:00.0220022">
    <File name="VwCallableLeadsWithCallsBase.generated.cs" startTime="131075546181117234" />
    <File name="VwCallableLeadsWithCallsProviderBase.generatedCore.cs" startTime="131075546181217244" executionTime="00:00:00.0030003" />
    <File name="SqlVwCallableLeadsWithCallsProviderBase.generated.cs" startTime="131075546181257248" />
    <File name="VwCallableLeadsWithCallsServiceBase.generated.cs" startTime="131075546181277250" executionTime="00:00:00.0050005" />
  </Table>
  <Table name="vw_CallableLEadsWithCallsAndHourAdj" startTime="131075546181327255" executionTime="00:00:00.0280028">
    <File name="VwCallableLeadsWithCallsAndHourAdjBase.generated.cs" startTime="131075546181327255" />
    <File name="VwCallableLeadsWithCallsAndHourAdjProviderBase.generatedCore.cs" startTime="131075546181457268" executionTime="00:00:00.0040004" />
    <File name="SqlVwCallableLeadsWithCallsAndHourAdjProviderBase.generated.cs" startTime="131075546181507273" />
    <File name="VwCallableLeadsWithCallsAndHourAdjServiceBase.generated.cs" startTime="131075546181547277" executionTime="00:00:00.0060006" />
  </Table>
  <Table name="vw_CallableLeadsWithCallsAndPeriod" startTime="131075546181607283" executionTime="00:00:00.0260026">
    <File name="VwCallableLeadsWithCallsAndPeriodBase.generated.cs" startTime="131075546181607283" />
    <File name="VwCallableLeadsWithCallsAndPeriodProviderBase.generatedCore.cs" startTime="131075546181727295" executionTime="00:00:00.0040004" />
    <File name="SqlVwCallableLeadsWithCallsAndPeriodProviderBase.generated.cs" startTime="131075546181767299" />
    <File name="VwCallableLeadsWithCallsAndPeriodServiceBase.generated.cs" startTime="131075546181797302" executionTime="00:00:00.0070007" />
  </Table>
  <Table name="vw_CallableLeadsWithCallsAndPeriods" startTime="131075546181867309" executionTime="00:00:00.0360036">
    <File name="VwCallableLeadsWithCallsAndPeriodsBase.generated.cs" startTime="131075546181867309" />
    <File name="VwCallableLeadsWithCallsAndPeriodsProviderBase.generatedCore.cs" startTime="131075546182037326" executionTime="00:00:00.0060006" />
    <File name="SqlVwCallableLeadsWithCallsAndPeriodsProviderBase.generated.cs" startTime="131075546182097332" />
    <File name="VwCallableLeadsWithCallsAndPeriodsServiceBase.generated.cs" startTime="131075546182127335" executionTime="00:00:00.0100010" />
  </Table>
  <Table name="vw_CallsByUser" startTime="131075546182227345" executionTime="00:00:00.0290029">
    <File name="VwCallsByUserBase.generated.cs" startTime="131075546182237346" />
    <File name="VwCallsByUserProviderBase.generatedCore.cs" startTime="131075546182357358" executionTime="00:00:00.0070007" />
    <File name="SqlVwCallsByUserProviderBase.generated.cs" startTime="131075546182427365" />
    <File name="VwCallsByUserServiceBase.generated.cs" startTime="131075546182457368" executionTime="00:00:00.0060006" />
  </Table>
  <Table name="vw_DeferedLeads" startTime="131075546182517374" executionTime="00:00:00.0310031">
    <File name="VwDeferedLeadsBase.generated.cs" startTime="131075546182527375" />
    <File name="VwDeferedLeads.cs" startTime="131075546182567379" />
    <File name="VwDeferedLeadsProviderBase.generatedCore.cs" startTime="131075546182607383" executionTime="00:00:00.0040004" />
    <File name="VwDeferedLeadsProviderBase.cs" startTime="131075546182657388" executionTime="00:00:00.0020002" />
    <File name="SqlVwDeferedLeadsProviderBase.generated.cs" startTime="131075546182687391" />
    <File name="C:\Users\tlloyd\Documents\_SalesWorkflow\SiH_SalesWorkflow.Data.SqlClient\Views\VwDeferedLeadsProvider.cs" startTime="131075546182727395" />
    <File name="VwDeferedLeadsService.cs" startTime="131075546182747397" executionTime="00:00:00.0020002" />
    <File name="VwDeferedLeadsServiceBase.generated.cs" startTime="131075546182767399" executionTime="00:00:00.0060006" />
  </Table>
  <Table name="vw_HoldAndCallWithLeadInfo" startTime="131075546182827405" executionTime="00:00:00.0320032">
    <File name="VwHoldAndCallWithLeadInfoBase.generated.cs" startTime="131075546182827405" />
    <File name="VwHoldAndCallWithLeadInfoProviderBase.generatedCore.cs" startTime="131075546182957418" executionTime="00:00:00.0050005" />
    <File name="SqlVwHoldAndCallWithLeadInfoProviderBase.generated.cs" startTime="131075546183007423" />
    <File name="VwHoldAndCallWithLeadInfoServiceBase.generated.cs" startTime="131075546183067429" executionTime="00:00:00.0080008" />
  </Table>
  <Table name="vw_LastCallCreated" startTime="131075546183147437" executionTime="00:00:00.0190019">
    <File name="VwLastCallCreatedBase.generated.cs" startTime="131075546183157438" />
    <File name="VwLastCallCreatedProviderBase.generatedCore.cs" startTime="131075546183207443" executionTime="00:00:00.0020002" />
    <File name="SqlVwLastCallCreatedProviderBase.generated.cs" startTime="131075546183227445" />
    <File name="VwLastCallCreatedServiceBase.generated.cs" startTime="131075546183277450" executionTime="00:00:00.0060006" />
  </Table>
  <Table name="vw_LastEmailCreated" startTime="131075546183337456" executionTime="00:00:00.0210021">
    <File name="VwLastEmailCreatedBase.generated.cs" startTime="131075546183367459" />
    <File name="VwLastEmailCreatedProviderBase.generatedCore.cs" startTime="131075546183407463" executionTime="00:00:00.0020002" />
    <File name="SqlVwLastEmailCreatedProviderBase.generated.cs" startTime="131075546183437466" />
    <File name="VwLastEmailCreatedServiceBase.generated.cs" startTime="131075546183467469" executionTime="00:00:00.0080008" />
  </Table>
  <Table name="vw_LeadCallCounts" startTime="131075546183547477" executionTime="00:00:00.0260026">
    <File name="VwLeadCallCountsBase.generated.cs" startTime="131075546183547477" />
    <File name="VwLeadCallCountsProviderBase.generatedCore.cs" startTime="131075546183647487" executionTime="00:00:00.0030003" />
    <File name="SqlVwLeadCallCountsProviderBase.generated.cs" startTime="131075546183687491" />
    <File name="VwLeadCallCountsServiceBase.generated.cs" startTime="131075546183737496" executionTime="00:00:00.0070007" />
  </Table>
  <Table name="vw_LeadContactTool" startTime="131075546183807503" executionTime="00:00:00.0310031">
    <File name="VwLeadContactToolBase.generated.cs" startTime="131075546183817504" />
    <File name="VwLeadContactToolProviderBase.generatedCore.cs" startTime="131075546183907513" executionTime="00:00:00.0030003" />
    <File name="SqlVwLeadContactToolProviderBase.generated.cs" startTime="131075546183947517" />
    <File name="VwLeadContactToolServiceBase.generated.cs" startTime="131075546183987521" executionTime="00:00:00.0130013" />
  </Table>
  <Table name="vw_LeadContactToolComplete" startTime="131075546184117534" executionTime="00:00:00.0230023">
    <File name="VwLeadContactToolCompleteBase.generated.cs" startTime="131075546184117534" />
    <File name="VwLeadContactToolCompleteProviderBase.generatedCore.cs" startTime="131075546184207543" executionTime="00:00:00.0030003" />
    <File name="SqlVwLeadContactToolCompleteProviderBase.generated.cs" startTime="131075546184247547" />
    <File name="VwLeadContactToolCompleteServiceBase.generated.cs" startTime="131075546184297552" executionTime="00:00:00.0050005" />
  </Table>
  <Table name="vw_LeadGet" startTime="131075546184347557" executionTime="00:00:00.0540054">
    <File name="VwLeadGetBase.generated.cs" startTime="131075546184367559" />
    <File name="VwLeadGetProviderBase.generatedCore.cs" startTime="131075546184667589" executionTime="00:00:00.0090009" />
    <File name="SqlVwLeadGetProviderBase.generated.cs" startTime="131075546184757598" />
    <File name="VwLeadGetServiceBase.generated.cs" startTime="131075546184797602" executionTime="00:00:00.0090009" />
  </Table>
  <Table name="vw_LeadGetAlex" startTime="131075546184887611" executionTime="00:00:00.0470047">
    <File name="VwLeadGetAlexBase.generated.cs" startTime="131075546184897612" />
    <File name="VwLeadGetAlexProviderBase.generatedCore.cs" startTime="131075546185157638" executionTime="00:00:00.0080008" />
    <File name="SqlVwLeadGetAlexProviderBase.generated.cs" startTime="131075546185237646" />
    <File name="VwLeadGetAlexServiceBase.generated.cs" startTime="131075546185277650" executionTime="00:00:00.0080008" />
  </Table>
  <Table name="vw_LeadGetCraig" startTime="131075546185357658" executionTime="00:00:00.0640064">
    <File name="VwLeadGetCraigBase.generated.cs" startTime="131075546185357658" />
    <File name="VwLeadGetCraigProviderBase.generatedCore.cs" startTime="131075546185677690" executionTime="00:00:00.0160016" />
    <File name="SqlVwLeadGetCraigProviderBase.generated.cs" startTime="131075546185837706" />
    <File name="VwLeadGetCraigServiceBase.generated.cs" startTime="131075546185897712" executionTime="00:00:00.0100010" />
  </Table>
  <Table name="vw_LeadGetJenn" startTime="131075546186007723" executionTime="00:00:00.1210121">
    <File name="VwLeadGetJennBase.generated.cs" startTime="131075546186007723" />
    <File name="VwLeadGetJennProviderBase.generatedCore.cs" startTime="131075546186997822" executionTime="00:00:00.0100010" />
    <File name="SqlVwLeadGetJennProviderBase.generated.cs" startTime="131075546187097832" />
    <File name="VwLeadGetJennServiceBase.generated.cs" startTime="131075546187127835" executionTime="00:00:00.0090009" />
  </Table>
  <Table name="vw_LeadGetJoEllen" startTime="131075546187217844" executionTime="00:00:00.0480048">
    <File name="VwLeadGetJoEllenBase.generated.cs" startTime="131075546187227845" />
    <File name="VwLeadGetJoEllenProviderBase.generatedCore.cs" startTime="131075546187497872" executionTime="00:00:00.0080008" />
    <File name="SqlVwLeadGetJoEllenProviderBase.generated.cs" startTime="131075546187577880" />
    <File name="VwLeadGetJoEllenServiceBase.generated.cs" startTime="131075546187607883" executionTime="00:00:00.0090009" />
  </Table>
  <Table name="vw_LeadGetNext" startTime="131075546187697892" executionTime="00:00:00.0310031">
    <File name="VwLeadGetNextBase.generated.cs" startTime="131075546187707893" />
    <File name="VwLeadGetNextProviderBase.generatedCore.cs" startTime="131075546187857908" executionTime="00:00:00.0040004" />
    <File name="SqlVwLeadGetNextProviderBase.generated.cs" startTime="131075546187907913" />
    <File name="VwLeadGetNextServiceBase.generated.cs" startTime="131075546187937916" executionTime="00:00:00.0070007" />
  </Table>
  <Table name="vw_LeadGetRichard" startTime="131075546188007923" executionTime="00:00:00.0660066">
    <File name="VwLeadGetRichardBase.generated.cs" startTime="131075546188027925" />
    <File name="VwLeadGetRichard.cs" startTime="131075546188297952" />
    <File name="VwLeadGetRichardProviderBase.generatedCore.cs" startTime="131075546188317954" executionTime="00:00:00.0100010" />
    <File name="VwLeadGetRichardProviderBase.cs" startTime="131075546188417964" executionTime="00:00:00.0020002" />
    <File name="SqlVwLeadGetRichardProviderBase.generated.cs" startTime="131075546188447967" />
    <File name="C:\Users\tlloyd\Documents\_SalesWorkflow\SiH_SalesWorkflow.Data.SqlClient\Views\VwLeadGetRichardProvider.cs" startTime="131075546188537976" />
    <File name="VwLeadGetRichardService.cs" startTime="131075546188557978" executionTime="00:00:00.0020002" />
    <File name="VwLeadGetRichardServiceBase.generated.cs" startTime="131075546188587981" executionTime="00:00:00.0080008" />
  </Table>
  <Table name="vw_LeadHoldAndCall" startTime="131075546188667989" executionTime="00:00:00.0230023">
    <File name="VwLeadHoldAndCallBase.generated.cs" startTime="131075546188677990" />
    <File name="VwLeadHoldAndCallProviderBase.generatedCore.cs" startTime="131075546188767999" executionTime="00:00:00.0040004" />
    <File name="SqlVwLeadHoldAndCallProviderBase.generated.cs" startTime="131075546188818004" />
    <File name="VwLeadHoldAndCallServiceBase.generated.cs" startTime="131075546188848007" executionTime="00:00:00.0050005" />
  </Table>
  <Table name="vw_LeadsAndCalls" startTime="131075546188898012" executionTime="00:00:00.0330033">
    <File name="VwLeadsAndCallsBase.generated.cs" startTime="131075546188908013" />
    <File name="VwLeadsAndCallsProviderBase.generatedCore.cs" startTime="131075546189048027" executionTime="00:00:00.0050005" />
    <File name="SqlVwLeadsAndCallsProviderBase.generated.cs" startTime="131075546189098032" />
    <File name="VwLeadsAndCallsServiceBase.generated.cs" startTime="131075546189128035" executionTime="00:00:00.0100010" />
  </Table>
  <Table name="vw_LeadsWithAllStatus" startTime="131075546189228045" executionTime="00:00:00.0280028">
    <File name="VwLeadsWithAllStatusBase.generated.cs" startTime="131075546189228045" />
    <File name="VwLeadsWithAllStatusProviderBase.generatedCore.cs" startTime="131075546189348057" executionTime="00:00:00.0060006" />
    <File name="SqlVwLeadsWithAllStatusProviderBase.generated.cs" startTime="131075546189418064" />
    <File name="VwLeadsWithAllStatusServiceBase.generated.cs" startTime="131075546189448067" executionTime="00:00:00.0060006" />
  </Table>
  <Table name="vw_LeadsWithCallableStatus" startTime="131075546189508073" executionTime="00:00:00.0310031">
    <File name="VwLeadsWithCallableStatusBase.generated.cs" startTime="131075546189518074" />
    <File name="VwLeadsWithCallableStatusProviderBase.generatedCore.cs" startTime="131075546189668089" executionTime="00:00:00.0060006" />
    <File name="SqlVwLeadsWithCallableStatusProviderBase.generated.cs" startTime="131075546189738096" />
    <File name="VwLeadsWithCallableStatusServiceBase.generated.cs" startTime="131075546189758098" executionTime="00:00:00.0060006" />
  </Table>
  <Table name="vw_MANUAL_ReturnsList" startTime="131075546189818104" executionTime="00:00:00.0200020">
    <File name="VwManualReturnsListBase.generated.cs" startTime="131075546189828105" />
    <File name="VwManualReturnsListProviderBase.generatedCore.cs" startTime="131075546189888111" executionTime="00:00:00.0020002" />
    <File name="SqlVwManualReturnsListProviderBase.generated.cs" startTime="131075546189918114" />
    <File name="VwManualReturnsListServiceBase.generated.cs" startTime="131075546189948117" executionTime="00:00:00.0070007" />
  </Table>
  <Table name="vw_MANUAL_SalesList" startTime="131075546190028125" executionTime="00:00:00.0170017">
    <File name="VwManualSalesListBase.generated.cs" startTime="131075546190028125" />
    <File name="VwManualSalesListProviderBase.generatedCore.cs" startTime="131075546190088131" executionTime="00:00:00.0020002" />
    <File name="SqlVwManualSalesListProviderBase.generated.cs" startTime="131075546190108133" />
    <File name="VwManualSalesListServiceBase.generated.cs" startTime="131075546190148137" executionTime="00:00:00.0050005" />
  </Table>
  <Table name="vw_MaxLeadHoldAndCall" startTime="131075546190198142" executionTime="00:00:00.0190019">
    <File name="VwMaxLeadHoldAndCallBase.generated.cs" startTime="131075546190198142" />
    <File name="VwMaxLeadHoldAndCallProviderBase.generatedCore.cs" startTime="131075546190248147" executionTime="00:00:00.0040004" />
    <File name="SqlVwMaxLeadHoldAndCallProviderBase.generated.cs" startTime="131075546190288151" />
    <File name="VwMaxLeadHoldAndCallServiceBase.generated.cs" startTime="131075546190328155" executionTime="00:00:00.0060006" />
  </Table>
  <Table name="vw_REPORTING_LeadsAndSalesBoard" startTime="131075546190388161" executionTime="00:00:00.0220022">
    <File name="VwReportingLeadsAndSalesBoardBase.generated.cs" startTime="131075546190388161" />
    <File name="VwReportingLeadsAndSalesBoardProviderBase.generatedCore.cs" startTime="131075546190468169" executionTime="00:00:00.0050005" />
    <File name="SqlVwReportingLeadsAndSalesBoardProviderBase.generated.cs" startTime="131075546190528175" />
    <File name="VwReportingLeadsAndSalesBoardServiceBase.generated.cs" startTime="131075546190558178" executionTime="00:00:00.0050005" />
  </Table>
  <Table name="vw_REPORTING_SalesInfo" startTime="131075546190608183" executionTime="00:00:00.0370037">
    <File name="VwReportingSalesInfoBase.generated.cs" startTime="131075546190618184" />
    <File name="VwReportingSalesInfo.cs" startTime="131075546190708193" />
    <File name="VwReportingSalesInfoProviderBase.generatedCore.cs" startTime="131075546190738196" executionTime="00:00:00.0060006" />
    <File name="VwReportingSalesInfoProviderBase.cs" startTime="131075546190798202" executionTime="00:00:00.0020002" />
    <File name="SqlVwReportingSalesInfoProviderBase.generated.cs" startTime="131075546190828205" />
    <File name="C:\Users\tlloyd\Documents\_SalesWorkflow\SiH_SalesWorkflow.Data.SqlClient\Views\VwReportingSalesInfoProvider.cs" startTime="131075546190858208" />
    <File name="VwReportingSalesInfoService.cs" startTime="131075546190888211" executionTime="00:00:00.0020002" />
    <File name="VwReportingSalesInfoServiceBase.generated.cs" startTime="131075546190918214" executionTime="00:00:00.0060006" />
  </Table>
  <Table name="vw_REPORTING_ZohoCallsConnectedAfterDate" startTime="131075546190978220" executionTime="00:00:00.0500050">
    <File name="VwReportingZohoCallsConnectedAfterDateBase.generated.cs" startTime="131075546190978220" />
    <File name="VwReportingZohoCallsConnectedAfterDate.cs" startTime="131075546191148237" />
    <File name="VwReportingZohoCallsConnectedAfterDateProviderBase.generatedCore.cs" startTime="131075546191178240" executionTime="00:00:00.0100010" />
    <File name="VwReportingZohoCallsConnectedAfterDateProviderBase.cs" startTime="131075546191278250" executionTime="00:00:00.0020002" />
    <File name="SqlVwReportingZohoCallsConnectedAfterDateProviderBase.generated.cs" startTime="131075546191298252" />
    <File name="C:\Users\tlloyd\Documents\_SalesWorkflow\SiH_SalesWorkflow.Data.SqlClient\Views\VwReportingZohoCallsConnectedAfterDateProvider.cs" startTime="131075546191328255" />
    <File name="VwReportingZohoCallsConnectedAfterDateService.cs" startTime="131075546191358258" executionTime="00:00:00.0010001" />
    <File name="VwReportingZohoCallsConnectedAfterDateServiceBase.generated.cs" startTime="131075546191388261" executionTime="00:00:00.0090009" />
  </Table>
  <Table name="vw_SalesStats" startTime="131075546191478270" executionTime="00:00:00.0260026">
    <File name="VwSalesStatsBase.generated.cs" startTime="131075546191478270" />
    <File name="VwSalesStatsProviderBase.generatedCore.cs" startTime="131075546191608283" executionTime="00:00:00.0030003" />
    <File name="SqlVwSalesStatsProviderBase.generated.cs" startTime="131075546191638286" />
    <File name="VwSalesStatsServiceBase.generated.cs" startTime="131075546191678290" executionTime="00:00:00.0060006" />
  </Table>
  <Table name="vw_ZohoCalls" startTime="131075546191738296" executionTime="00:00:00.0170017">
    <File name="VwZohoCallsBase.generated.cs" startTime="131075546191738296" />
    <File name="VwZohoCallsProviderBase.generatedCore.cs" startTime="131075546191778300" executionTime="00:00:00.0030003" />
    <File name="SqlVwZohoCallsProviderBase.generated.cs" startTime="131075546191818304" />
    <File name="VwZohoCallsServiceBase.generated.cs" startTime="131075546191858308" executionTime="00:00:00.0050005" />
  </Table>
  <Table name="vw_ZohoLeads" startTime="131075546191908313" executionTime="00:00:00.0170017">
    <File name="VwZohoLeadsBase.generated.cs" startTime="131075546191918314" />
    <File name="VwZohoLeadsProviderBase.generatedCore.cs" startTime="131075546191958318" executionTime="00:00:00.0020002" />
    <File name="SqlVwZohoLeadsProviderBase.generated.cs" startTime="131075546191978320" />
    <File name="VwZohoLeadsServiceBase.generated.cs" startTime="131075546192018324" executionTime="00:00:00.0060006" />
  </Table>
  <Table name="vw_ZohoLeadsNeedingActionToday" startTime="131075546192078330" executionTime="00:00:00.0500050">
    <File name="VwZohoLeadsNeedingActionTodayBase.generated.cs" startTime="131075546192078330" />
    <File name="VwZohoLeadsNeedingActionTodayProviderBase.generatedCore.cs" startTime="131075546192328355" executionTime="00:00:00.0120012" />
    <File name="SqlVwZohoLeadsNeedingActionTodayProviderBase.generated.cs" startTime="131075546192458368" />
    <File name="VwZohoLeadsNeedingActionTodayServiceBase.generated.cs" startTime="131075546192488371" executionTime="00:00:00.0090009" />
  </Table>
  <Table name="vw_ZohoLeadsWithLocalTime" startTime="131075546192578380" executionTime="00:00:00.0430043">
    <File name="VwZohoLeadsWithLocalTimeBase.generated.cs" startTime="131075546192578380" />
    <File name="VwZohoLeadsWithLocalTimeProviderBase.generatedCore.cs" startTime="131075546192828405" executionTime="00:00:00.0060006" />
    <File name="SqlVwZohoLeadsWithLocalTimeProviderBase.generated.cs" startTime="131075546192898412" />
    <File name="VwZohoLeadsWithLocalTimeServiceBase.generated.cs" startTime="131075546192938416" executionTime="00:00:00.0070007" />
  </Table>
  <Table name="vw_ZohoLeadsWithLocalTimeNoActionToday" startTime="131075546193008423" executionTime="00:00:00.0490049">
    <File name="VwZohoLeadsWithLocalTimeNoActionTodayBase.generated.cs" startTime="131075546193038426" />
    <File name="VwZohoLeadsWithLocalTimeNoActionTodayProviderBase.generatedCore.cs" startTime="131075546193288451" executionTime="00:00:00.0070007" />
    <File name="SqlVwZohoLeadsWithLocalTimeNoActionTodayProviderBase.generated.cs" startTime="131075546193358458" />
    <File name="VwZohoLeadsWithLocalTimeNoActionTodayServiceBase.generated.cs" startTime="131075546193388461" executionTime="00:00:00.0110011" />
  </Table>
  <Table name="vw_ZohoLeadsWithLocalTimeNoActionTodayCallable" startTime="131075546193498472" executionTime="00:00:00.0490049">
    <File name="VwZohoLeadsWithLocalTimeNoActionTodayCallableBase.generated.cs" startTime="131075546193498472" />
    <File name="VwZohoLeadsWithLocalTimeNoActionTodayCallableProviderBase.generatedCore.cs" startTime="131075546193788501" executionTime="00:00:00.0070007" />
    <File name="SqlVwZohoLeadsWithLocalTimeNoActionTodayCallableProviderBase.generated.cs" startTime="131075546193858508" />
    <File name="VwZohoLeadsWithLocalTimeNoActionTodayCallableServiceBase.generated.cs" startTime="131075546193898512" executionTime="00:00:00.0090009" />
  </Table>
  <Table name="LeadContacted" startTime="131075546193988521" executionTime="00:00:00.0390039">
    <File name="LeadContacted.generated.cs" startTime="131075546193998522" executionTime="00:00:00.0140014" />
    <File name="ILeadContacted.cs" startTime="131075546194148537" executionTime="00:00:00.0010001" />
    <File name="LeadContactedServiceBase.generated.cs" startTime="131075546194158538" executionTime="00:00:00.0100010" />
    <File name="LeadContactedProviderBase.generatedCore.cs" startTime="131075546194258548" executionTime="00:00:00.0040004" />
    <File name="SqlClient\SqlLeadContactedProviderBase.generated.cs" startTime="131075546194308553" executionTime="00:00:00.0070007" />
  </Table>
  <Table name="LeadHoldAndCall" startTime="131075546194388561" executionTime="00:00:00.0380038">
    <File name="LeadHoldAndCall.generated.cs" startTime="131075546194388561" executionTime="00:00:00.0150015" />
    <File name="ILeadHoldAndCall.cs" startTime="131075546194538576" executionTime="00:00:00.0020002" />
    <File name="LeadHoldAndCallServiceBase.generated.cs" startTime="131075546194568579" executionTime="00:00:00.0080008" />
    <File name="LeadHoldAndCallProviderBase.generatedCore.cs" startTime="131075546194658588" executionTime="00:00:00.0040004" />
    <File name="SqlClient\SqlLeadHoldAndCallProviderBase.generated.cs" startTime="131075546194698592" executionTime="00:00:00.0060006" />
  </Table>
  <Table name="ZohoCalls" startTime="131075546194768599" executionTime="00:00:00.0610061">
    <File name="ZohoCalls.generated.cs" startTime="131075546194768599" executionTime="00:00:00.0350035" />
    <File name="IZohoCalls.cs" startTime="131075546195118634" executionTime="00:00:00.0020002" />
    <File name="ZohoCallsServiceBase.generated.cs" startTime="131075546195138636" executionTime="00:00:00.0080008" />
    <File name="ZohoCallsProviderBase.generatedCore.cs" startTime="131075546195228645" executionTime="00:00:00.0080008" />
    <File name="SqlClient\SqlZohoCallsProviderBase.generated.cs" startTime="131075546195308653" executionTime="00:00:00.0070007" />
  </Table>
  <Table name="ZohoLeads" startTime="131075546195378660" executionTime="00:00:00.0940094">
    <File name="ZohoLeads.generated.cs" startTime="131075546195398662" executionTime="00:00:00.0520052" />
    <File name="IZohoLeads.cs" startTime="131075546195918714" executionTime="00:00:00.0030003" />
    <File name="ZohoLeadsServiceBase.generated.cs" startTime="131075546195948717" executionTime="00:00:00.0120012" />
    <File name="ZohoLeadsProviderBase.generatedCore.cs" startTime="131075546196068729" executionTime="00:00:00.0120012" />
    <File name="SqlClient\SqlZohoLeadsProviderBase.generated.cs" startTime="131075546196188741" executionTime="00:00:00.0130013" />
  </Table>
  <Table name="ZohoUsers" startTime="131075546196318754" executionTime="00:00:00.0320032">
    <File name="ZohoUsers.generated.cs" startTime="131075546196318754" executionTime="00:00:00.0120012" />
    <File name="IZohoUsers.cs" startTime="131075546196438766" executionTime="00:00:00.0010001" />
    <File name="ZohoUsersServiceBase.generated.cs" startTime="131075546196458768" executionTime="00:00:00.0080008" />
    <File name="ZohoUsersProviderBase.generatedCore.cs" startTime="131075546196548777" executionTime="00:00:00.0050005" />
    <File name="SqlClient\SqlZohoUsersProviderBase.generated.cs" startTime="131075546196598782" executionTime="00:00:00.0040004" />
  </Table>
  <summary>
    <objectCount>431</objectCount>
    <messageCount>1</messageCount>
  </summary>
</NetTiersReport>